{
  "PatientDetailsUpdate-A08_/api/Hl7Message" : {
    "transaction" : "PatientDetailsUpdate-A08_/api/Hl7Message",
    "sampleCount" : 1000,
    "errorCount" : 0,
    "errorPct" : 0.0,
    "meanResTime" : 360.50600000000026,
    "medianResTime" : 331.0,
    "minResTime" : 317.0,
    "maxResTime" : 1074.0,
    "pct1ResTime" : 445.0,
    "pct2ResTime" : 461.0,
    "pct3ResTime" : 531.97,
    "throughput" : 0.27803055388968917,
    "receivedKBytesPerSec" : 0.15829305756664325,
    "sentKBytesPerSec" : 1.0178372760846182
  },
  "PatientCreation-A01_/api/Hl7Message" : {
    "transaction" : "PatientCreation-A01_/api/Hl7Message",
    "sampleCount" : 3000,
    "errorCount" : 0,
    "errorPct" : 0.0,
    "meanResTime" : 360.2293333333327,
    "medianResTime" : 332.0,
    "minResTime" : 303.0,
    "maxResTime" : 1344.0,
    "pct1ResTime" : 443.0,
    "pct2ResTime" : 459.9499999999998,
    "pct3ResTime" : 526.0,
    "throughput" : 0.8335347709029682,
    "receivedKBytesPerSec" : 0.47781729542972884,
    "sentKBytesPerSec" : 2.362902849091308
  },
  "Total" : {
    "transaction" : "Total",
    "sampleCount" : 6000,
    "errorCount" : 0,
    "errorPct" : 0.0,
    "meanResTime" : 360.60450000000037,
    "medianResTime" : 332.0,
    "minResTime" : 303.0,
    "maxResTime" : 1396.0,
    "pct1ResTime" : 444.0,
    "pct2ResTime" : 460.0,
    "pct3ResTime" : 528.9899999999998,
    "throughput" : 1.63855721759876,
    "receivedKBytesPerSec" : 0.9376905036119263,
    "sentKBytesPerSec" : 4.133972916407228
  },
  "ClinicPatient-A05_/api/Hl7Message" : {
    "transaction" : "ClinicPatient-A05_/api/Hl7Message",
    "sampleCount" : 2000,
    "errorCount" : 0,
    "errorPct" : 0.0,
    "meanResTime" : 361.21649999999966,
    "medianResTime" : 331.0,
    "minResTime" : 318.0,
    "maxResTime" : 1396.0,
    "pct1ResTime" : 444.9000000000001,
    "pct2ResTime" : 461.9499999999998,
    "pct3ResTime" : 533.98,
    "throughput" : 0.5557832723129615,
    "receivedKBytesPerSec" : 0.31805593307327307,
    "sentKBytesPerSec" : 0.8259859399858275
  }
}