{
  "PatientDetailsUpdate-A08_/api/Hl7Message" : {
    "transaction" : "PatientDetailsUpdate-A08_/api/Hl7Message",
    "sampleCount" : 325,
    "errorCount" : 0,
    "errorPct" : 0.0,
    "meanResTime" : 335.3200000000001,
    "medianResTime" : 333.0,
    "minResTime" : 324.0,
    "maxResTime" : 395.0,
    "pct1ResTime" : 348.0,
    "pct2ResTime" : 352.0,
    "pct3ResTime" : 361.0,
    "throughput" : 0.543079578703928,
    "receivedKBytesPerSec" : 0.30919472107850593,
    "sentKBytesPerSec" : 1.9854372558230664
  },
  "PatientCreation-A01_/api/Hl7Message" : {
    "transaction" : "PatientCreation-A01_/api/Hl7Message",
    "sampleCount" : 350,
    "errorCount" : 0,
    "errorPct" : 0.0,
    "meanResTime" : 334.5714285714287,
    "medianResTime" : 332.0,
    "minResTime" : 323.0,
    "maxResTime" : 391.0,
    "pct1ResTime" : 347.0,
    "pct2ResTime" : 351.0,
    "pct3ResTime" : 370.96000000000004,
    "throughput" : 0.5847611250804047,
    "receivedKBytesPerSec" : 0.3352097465060523,
    "sentKBytesPerSec" : 1.657662367802217
  },
  "Total" : {
    "transaction" : "Total",
    "sampleCount" : 1000,
    "errorCount" : 0,
    "errorPct" : 0.0,
    "meanResTime" : 334.3559999999993,
    "medianResTime" : 332.0,
    "minResTime" : 322.0,
    "maxResTime" : 407.0,
    "pct1ResTime" : 347.0,
    "pct2ResTime" : 350.0,
    "pct3ResTime" : 361.0,
    "throughput" : 1.6279247703405129,
    "receivedKBytesPerSec" : 0.9306133694949689,
    "sentKBytesPerSec" : 4.335688287610353
  },
  "ClinicPatient-A05_/api/Hl7Message" : {
    "transaction" : "ClinicPatient-A05_/api/Hl7Message",
    "sampleCount" : 325,
    "errorCount" : 0,
    "errorPct" : 0.0,
    "meanResTime" : 333.16000000000014,
    "medianResTime" : 331.0,
    "minResTime" : 322.0,
    "maxResTime" : 407.0,
    "pct1ResTime" : 345.40000000000003,
    "pct2ResTime" : 349.7,
    "pct3ResTime" : 355.96000000000004,
    "throughput" : 0.5430850237202828,
    "receivedKBytesPerSec" : 0.3107905223934843,
    "sentKBytesPerSec" : 0.8070915781298825
  }
}